{
    "installed": {
        "client_id": "201645520417-a672ir2ohpc3r5c8kn7u6t5q4um6k8ii.apps.googleusercontent.com",
        "project_id": "quickstart-1564969559326",
        "auth_uri": "https://accounts.google.com/o/oauth2/auth",
        "token_uri": "https://oauth2.googleapis.com/token",
        "auth_provider_x509_cert_url": "https://www.googleapis.com/oauth2/v1/certs",
        "client_secret": "8yry97mK8KpM9APVPA-_bEjs",
        "redirect_uris": [
            "urn:ietf:wg:oauth:2.0:oob",
            "http://localhost"
        ]
    }
}